{
  "feature_columns": [
    "speed_norm",
    "psidot",
    "cross_track_error_norm",
    "heading_error",
    "track_heading_error",
    "battery_soc_norm",
    "track_progress",
    "v_target_norm",
    "corner_feasible_speed_norm",
    "preview_speed_limit_norm",
    "max_heading_change",
    "distance_to_turn_start_norm",
    "deploy_track_factor",
    "soc_factor",
    "brake_required"
  ],
  "target_columns": [
    "F_cmd",
    "delta_cmd"
  ],
  "weights": [
    [
      3763.1639395512584,
      -0.0016319868204996825
    ],
    [
      -2462.859669689126,
      0.21482243490118913
    ],
    [
      164.85610066610636,
      -0.0077722932608405085
    ],
    [
      -1000.8865484166101,
      -0.0793658797911778
    ],
    [
      2721.5157587648805,
      -0.08405289529411297
    ],
    [
      831.4595065934216,
      0.004662897729184351
    ],
    [
      459.844995699668,
      -0.0025132120870658306
    ],
    [
      -39527.692232948415,
      -0.5531998738613857
    ],
    [
      38504.149353790126,
      0.5568711127662169
    ],
    [
      3710.050992133227,
      0.02677523042897646
    ],
    [
      493.17056934381486,
      0.032976671192320305
    ],
    [
      -58856.432106991866,
      -0.2191505497508933
    ],
    [
      1520.5825726448343,
      -0.005180449559407012
    ],
    [
      833.8413674314364,
      -0.0014251606058520642
    ],
    [
      -5023.902104747779,
      0.0008757905824176961
    ]
  ],
  "bias": [
    -2854.0073020751324,
    -0.018831237228965906
  ]
}